Country / Region,Disease,Denominator,2020,2019,2018,2017,2016,2015,2014,2013,2012,2011,2010,2009,2008,2007,2006,2005,2004,2003,2002,2001,2000,1999,1998,1997,1996,1995,1994,1993,1992,1991,1990,1989,1988,1987,1986,1985,1984,1983,1982,1981,1980
Afghanistan,Measles,"per 1,000,000 total population",,9.3,54.1,41.6,18,33.5,14.7,13.3,89.4,100,68.2,100.8,57.7,42.1,75.3,50.5,18.8,33.7,110,405.5,314.3,178.9,111.7,,,,,,,59.6,129.6,98.6,392.6,892.5,690.8,"1,211","1,327.3","1,500.1","1,577.3","2,361.7","2,429.9"
Albania,Measles,"per 1,000,000 total population",1.4,169.4,509.6,4.2,5.9,,,0,3.1,9.6,3.4,0,,7.3,22.2,1.9,2.3,2.6,5.1,5.8,211.6,255.2,611.1,769.7,388.6,4.8,9.2,2.2,0,0,,"41,754.8",0,0,0,0,0,6,1.1,,
Algeria,Measles,"per 1,000,000 total population",,60,79.5,2.7,1,1.6,0,0.7,0.5,3.1,2.9,3,6.2,0,28.1,69.4,100.6,476.5,184,85.4,,81.7,109.3,658.1,717.6,285.3,209.6,113.7,326.4,226.1,69.7,166.1,107.8,105.2,172.1,896.7,"1,036.3","1,048.5","1,446.4","1,051.7",807.8
Andorra,Measles,"per 1,000,000 total population",0,0,0,0,0,0,0,0,0,0,0,0,0,0,0,0,0,0,14.3,74.2,30.6,31.1,,77.7,,,,,,,,,,,,,,,,,
Angola,Measles,"per 1,000,000 total population",33,93.9,1.9,1,1.8,4.3,434.2,327.6,177.6,59.8,50.9,124.7,12.2,48.5,38,13.3,1.5,66,681.8,533.8,135.3,22.1,167.7,550.2,17.4,45.5,405.8,709.2,"1,325.1","1,500.7","2,453.4","1,730.3","1,898.2","1,250.6","1,509.7","2,290.9","2,359.4","2,434.7","3,358.3","2,281.6","3,555.3"
Anguilla,Measles,"per 1,000,000 total population",0,0,0,,,,,,,,,,,,,,,,,,,,,,,,,,,,,,,,,,,,,,
Antigua and Barbuda,Measles,"per 1,000,000 total population",0,0,10.4,0,0,0,0,0,0,0,0,0,0,0,0,0,0,0,0,0,0,0,0,0,0,0,0,0,0,0,0,0,0,0,0,16.2,16.2,161.8,0,"3,996.8","37,032.2"
Argentina,Measles,"per 1,000,000 total population",1.5,2.9,0.3,0.1,0,0,0,0,0,0.1,0.4,0.1,0,0,0,0,0,0,0,0,0.2,8.6,283.6,3.5,1.7,18.8,3.9,149.7,612.9,"1,272.5",60.3,124.7,150,257.3,210,305.8,"1,067.7",242.8,153.9,620.4,577.2
Armenia,Measles,"per 1,000,000 total population",0,2.4,6.4,0.3,0.7,11.3,4.5,3.5,0,0,0.7,0,0,0.3,46.3,765.1,594.2,1.3,13.2,22.6,4.9,13.3,16.7,256,639.8,58.1,45.4,100.5,13.4,54.8,248.4,,,,,,,,,,
Aruba,Measles,"per 1,000,000 total population",,9.4,0,,,,,,,,,,,,,,,,,,,,,,,,,,,,,,,,,,,,,,
Australia,Measles,"per 1,000,000 total population",1,11.3,4.1,3.3,4.1,3.1,14.4,6.8,8.7,8.4,3.2,4.8,3,0.5,,0.5,3.5,4.6,1.6,7.3,5.7,12.5,17.6,46.4,27.4,66.6,275,257.7,81.9,80.3,51.9,10.1,15.1,,,,,,,,
Austria,Measles,"per 1,000,000 total population",2.8,,8.7,10.8,3.1,35.6,13.6,,4.2,8,6.2,5.9,53.7,2.4,2.8,1.1,1.8,11,,0,,0.1,0,0,,,,7.6,,,,,,,,,,,,,
Azerbaijan,Measles,"per 1,000,000 total population",0.2,28,5.5,0,0,0,0,17.5,0,0,0,,0.6,0,25.7,145,97.9,236.6,525.9,70,25.9,134.2,361.8,85.5,19.2,61,843.1,174.2,71.6,832,279.7,,,,,,,,,,
Bahamas,Measles,"per 1,000,000 total population",,7.7,0,0,0,0,0,0,0,0,0,0,0,0,0,0,0,0,0,0,0,0,0,3.5,0,0,0,0,0,0,281,234.4,88.9,172.6,355.6,110.8,156.6,"12,741.9",227.1,209,"2,298.3"
Bahrain,Measles,"per 1,000,000 total population",0,1.8,0,0,0,0,34.4,,0,0,0,2.5,1.8,6.8,3.1,4.5,13.3,15.4,10.9,7.2,9,59.7,6.5,6.7,127.9,5.3,0,3.7,22.9,13.7,119,376.2,10.7,49,223.8,"4,553.8","2,784.7","1,104.8","2,971.9",879.4,"5,171.1"
Bangladesh,Measles,"per 1,000,000 total population",14.6,35.7,14,25.1,6.2,1.5,1.9,1.6,13.2,37.7,5.3,4.9,18.4,20.5,43.9,186.5,71.1,30.2,26.3,33.9,39.9,45.3,53.2,86,41.9,43.4,84.9,49.3,53.4,88,16.5,271.4,116.8,142.5,154,128.9,134,111.1,215.8,127.7,139.1
Barbados,Measles,"per 1,000,000 total population",0,0,0,0,0,0,0,0,0,0,0,0,0,0,0,0,0,0,0,0,0,0,0,0,0,0,0,0,0,7.6,195.5,7.7,3.9,7.8,7.8,27.3,19.6,23.5,23.6,161.9,107
Belarus,Measles,"per 1,000,000 total population",0,21.3,27.4,0.1,1.1,0.2,6.8,1.7,1.1,5.3,0.1,0,0,0.1,15.7,0.1,0.2,2.2,1.4,4.6,2.1,15.4,51.9,13.5,39.3,150.4,81.1,382.2,228.9,133,22.1,,,,,,,,,,
Belgium,Measles,"per 1,000,000 total population",4.1,41.6,10.2,32.1,,4.2,6.2,3.5,9.8,52.3,3.7,3,9.1,6,1.4,2.5,5.8,4.2,,8,,,0,378.4,707.4,"1,045.5","1,117.2",728.7,949.1,718.8,,"8,120.5","4,781.2",,,,,,,,
Belize,Measles,"per 1,000,000 total population",0,0,0,0,0,0,0,0,0,0,0,0,0,0,0,0,0,0,0,0,0,0,0,0,0,19.3,0,0,56.6,36.6,133.3,10.9,413.3,"1,285",731.3,42.4,24.9,70.6,39.6,"1,260.5","4,210.7"
Benin,Measles,"per 1,000,000 total population",1.5,37,42.9,8.7,8.2,5.2,76.4,63.7,29.6,45,42.6,163.3,106.7,40.3,21.4,26.3,33.8,28.9,217.7,827.9,618.1,386.1,100.2,"1,515.7",224,"1,772.7","1,322.5",742.9,571.9,"1,047.9",,680.7,"1,128.9","2,906.1","1,674.2","3,087.5","3,232.5","2,914.4","3,017","3,240.2","5,013.2"
Bermuda,Measles,"per 1,000,000 total population",0,0,0,,,,,,,,,,,,,,,,,,,,,,,,,,,,,,,,,,,,,,
Bhutan,Measles,"per 1,000,000 total population",,2.6,23.9,88.5,61.1,15.1,0,0,1.4,14.4,30.6,8.8,10.4,16.5,3,17,4.7,0,43.8,"1,252.4",707.3,"17,166.2",116.9,306.3,16.6,276.8,"1,284.1",948.2,192.7,824.9,325.9,"1,060.9",749.7,"1,361.5","1,980.4","1,764.1","2,926","3,083.1","4,355","2,635.7","4,035.6"
Bolivia (Plurinational State of),Measles,"per 1,000,000 total population",0.2,0,0,0,0,0,0,0,0,0,0,0,0,0,0,0,0,0,0,0,14.5,174.5,124,0.9,0.9,10,193,463.7,689.4,300.7,119.4,99.5,272.5,153.2,54.8,35.1,209.8,342.8,123.8,"1,343.5",749.3
Bosnia and Herzegovina,Measles,"per 1,000,000 total population",,425.3,18.7,5.4,39.3,489,861.5,,6.1,2.7,12.1,5.9,2.1,44.1,4.5,6.1,7.4,4.8,7.4,,11.5,35.5,752.7,"1,053.8",,32.6,222.3,61,34,41,114.7,,,,,,,,,,
Botswana,Measles,"per 1,000,000 total population",2.1,0,0,0,0.5,0,0.5,0.5,3.4,4,429.3,94.2,0,0.5,3.3,2.8,0.6,34,4.1,0.6,"1,626",272.6,444.2,"3,266.6",684.5,325.4,"1,706.3","3,807.4",415.1,426,946.6,"3,030.2",592.5,109.1,916.3,"1,574.4","8,967.1","6,567.4","1,570.3","2,318.3","4,556.3"
Brazil,Measles,"per 1,000,000 total population",,99,49.3,,0,1,4.3,1.1,0,0.2,0.3,0,0,0,0.3,0,0,0,0,0,0.2,5.3,16.4,312.7,3.5,4.9,0.2,38.5,51.4,280.5,412.3,156.2,182.3,468.9,935,561.8,610.9,450.1,311.2,495.9,822.4
British Virgin Islands,Measles,"per 1,000,000 total population",,0,0,,,,,,,,,,,,,,,,,,,,,,,,,,,,,,,,,,,,,,
Brunei Darussalam,Measles,"per 1,000,000 total population",0,2.3,2.3,0,2.4,9.6,2.4,,2.5,10.2,0,5.2,7.9,,,24.6,44.5,67.9,,32.3,126.1,70.5,37.6,41.7,,,,177.5,186.2,,46.4,155.1,114.6,265.2,"1,905.5","2,749","2,479.7","2,631.1","1,179.2","3,874.6","2,501.6"
Bulgaria,Measles,"per 1,000,000 total population",37,175.9,1.8,23.2,0.1,0,0,1.9,0.1,21.3,"2,963.5",300.9,0.1,0.1,0.1,0.4,0,0,0,1,5.8,3,9.8,2.8,83.8,20.5,14.3,41.3,"2,334.8",231.3,16.6,12.5,45.2,174.1,152.7,108.3,32.6,36.4,31.5,"1,037.5","1,212.2"
Burkina Faso,Measles,"per 1,000,000 total population",118.6,33.1,206.2,2.6,12.1,5.5,19.5,22,444.3,53.5,160.9,"3,574.2",26.9,0.8,9,18.8,5.9,232.8,141.9,349.4,523.3,488.9,,134.8,"1,786.8",561.9,298,"1,512.2","2,339.5",728.2,"1,112.7",871.1,931.3,"3,474.4","1,478.1","2,259.5","3,995.9","2,914.5","2,925.3","2,480.5","2,009.9"
Burundi,Measles,"per 1,000,000 total population",143,9.7,0.8,1.7,1.5,0.9,0,0,5.3,14.4,57.1,36.3,21.3,5.5,103.1,0,0.3,32.4,151.5,,"2,878.7",467.2,234.3,207.9,"2,656.6","2,469","1,219.2","4,116.7","3,930","1,868.3","2,442","5,278.6","6,435.1","4,634.2","8,109.9","7,733.4","6,186.2","10,962","9,601.3","13,821.6","11,841.1"
Cabo Verde,Measles,"per 1,000,000 total population",,0,0,0,,0,0,0,0,0,0,0,0,0,0,0,0,0,0,0,4.7,2.4,700.6,"21,233.9",0,25.9,79.7,0,2.8,20.2,0,3,21.5,"1,401.3",,"9,779.3",160.1,"4,613.1","4,356.8",519.6,"4,505.9"
Cambodia,Measles,"per 1,000,000 total population",22.7,41.5,0.2,0.6,3.6,0,0,0,1,49.7,80.8,339.1,303.3,28.8,13.9,19.9,26.9,50.8,107.7,303.2,"1,006.7","1,163.3",171.8,338.6,256.2,191.3,91.7,126.6,286.7,235.3,275.5,"1,065",584.9,"1,132.1","2,162.9","5,775.5","5,146.3","1,446","8,324.7","6,040.7","4,816.4"
Cameroon,Measles,"per 1,000,000 total population",56.8,108.6,32.3,29,14.1,77.6,36.6,34.4,28.3,24.1,11.8,12.7,25.7,5.3,10.8,34.1,20.7,53.5,88.5,"1,502.6",943,720.9,728.8,523.1,842.5,181.1,117,846.7,"2,195.4","1,204.7","1,795.4","2,128","2,095.4","1,551.9","3,072.1","4,684.6","3,953.7","6,228.9","3,695.5","1,186.5",
Canada,Measles,"per 1,000,000 total population",0,3,0.8,1.2,0.3,5.4,11.7,2.4,0.3,23.2,2.9,0.4,1.9,3.1,0.4,0.2,0.2,0.5,0.2,1.1,6.7,1,0.4,19.5,11.1,81,18.1,7.1,97.1,221.5,37.5,410.1,22.7,90.2,573,109.4,160.3,37.1,42.7,93.5,567.8
Cayman Islands,Measles,"per 1,000,000 total population",0,,0,,,,,,,,,,,,,,,,,,,,,,,,,,,,,,,,,,,,,,
Central African Republic,Measles,"per 1,000,000 total population",710.8,714.4,48,174.3,80.9,33.4,47,134,31.8,153.7,0.5,2.5,2.8,11.7,0.7,116.6,311.4,168,246.7,762.2,880.9,168.6,42,57.2,75,279.9,,556.1,"1,021.2","1,265.9",454.3,120.6,704.5,811.5,687.1,962.2,"2,580.3",649.4,"1,097.5","1,686.9","3,764.7"
Chad,Measles,"per 1,000,000 total population",132.1,118,94.1,0.6,8.1,29.6,93.3,17.1,9.4,699.8,16.2,14.3,5.6,40.8,152.4,0.2,"1,060.5","1,685.6",806.8,"2,870.2",424.4,852.8,"1,592.1","1,392.2","3,332.2","3,131.5","1,429.9","3,183.2","2,994.5","3,440.3","1,211.8","1,290.1",652.1,669.3,667,"1,261.9","1,396.1","1,067.8",259.2,7.8,
Chile,Measles,"per 1,000,000 total population",0.1,0.6,1.3,0,0,0.5,0,0,0,0.3,0,0.1,0,0,0,0,0,0.1,0,0,0,2,0.4,3.9,0,0,0,0.1,0.1,155.5,147.5,996.1,"3,508.7",207.5,"1,009.4","1,395.2",396.2,567,803.7,563.5,336.6
China,Measles,"per 1,000,000 total population",0.6,2.1,2.8,4.2,17.6,30.1,37.6,19.3,4.5,7.2,27.9,38.5,97.1,81,74.4,93.3,53.3,54.6,44.6,68.5,55.1,48.3,41.7,63.1,54.7,42.9,62,96.7,116.1,103.5,72.8,73.4,85.3,94,181.5,388.8,585.6,749.7,868.6,996.8,"1,122.2"
"China, Hong Kong SAR",Measles,"per 1,000,000 total population",0.1,12.1,2.3,,,,,,,,,,,,,,,,,,,,,,,,,,,,,,,,,,,,,,
"China, Macao SAR",Measles,"per 1,000,000 total population",0,57.8,4.7,,,,,,,,,,,,,,,,,,,,,,,,,,,,,,,,,,,,,,
Colombia,Measles,"per 1,000,000 total population",0,4.8,4.2,0,0,0,0,0,0,0.1,0,0,0,0,0,0,0,0,3.4,0.1,0,1.1,1.6,1.8,4.3,11.3,14.7,259.5,231.7,307.8,378.2,388.1,465.1,661,169.4,186,404,456.2,330,713.3,342.8
Comoros,Measles,"per 1,000,000 total population",0,76.4,0,0,0,0,0,0,1.4,4.2,0,1.5,0,0,135.7,"1,491.1",0,0,0,,,0,0,0,0,0,4.3,0,0,0,"5,656.1",425.4,0,0,0,0,0,0,0,0,"5,850.7"
Congo,Measles,"per 1,000,000 total population",6.7,12.3,5.3,187.5,55.6,279.9,15,26.8,57.6,71.7,0.9,0.2,0.5,21.7,33.6,40.3,"1,003.9","1,089.5",842.2,668.8,536.5,103,59,441.9,"1,398.9",879.4,85.9,270.7,"1,727.7","1,668.7","1,530.9",217.2,203.5,654,"3,041.1","3,699.5","9,321.5","8,576.4","6,860.4","5,281.2","6,688.7"
Cook Islands,Measles,"per 1,000,000 total population",,0,0,,,,,,0,0,0,0,0,52.6,314.2,0,0,913.5,0,0,111.5,0,491.5,"10,400.5",0,366.4,0,158.4,481.9,"3,311.8","1,978.6","38,333.5",838.1,899.2,282.5,"2,842.2",57.2,230.6,810.6,"3,293.7","20,720.4"
Costa Rica,Measles,"per 1,000,000 total population",0,2,0,0,0,0,0.2,0,0,0,0,0,0,0,,0.2,0,0.2,0,0,0,5.9,7.1,7,6.6,9.9,0,81,718.4,"1,966.2",24.4,10.9,120.9,"1,387.9","1,613.4",0.4,4.1,15,66.2,69.2,418.4
Croatia,Measles,"per 1,000,000 total population",0,12.6,5.5,1.7,1,48.7,,0,0.5,2.8,1.6,0.5,11.7,0,0.2,0.5,12.3,4.3,1.4,1.8,2,7,144.3,53,26,151,29.6,18.5,33.8,24.6,24.9,,,,,,,,,,
Cuba,Measles,"per 1,000,000 total population",0,0,0,0,0,0,0,,0,0,0,0,0,0,0,0,0,0,0,0,0,0,0,0,0,0.1,0,0.2,1.1,1.6,1.1,1.1,11.6,83.4,325.2,284.6,330.5,329.3,"2,354.9","1,857.5",398.4
Cyprus,Measles,"per 1,000,000 total population",0.8,5,12.6,2.5,0,0,8.7,0,0.9,0,16.2,0,0.9,0,0,1,0,0,0,,0,0,1.1,1.1,63,0,0,0,25,1.3,5.2,0,0,0,1.4,1.4,4.3,263.7,39,4.4,0
Czechia,Measles,"per 1,000,000 total population",0.4,55.2,19.4,13.3,0.7,0.8,21,1.4,2.1,1.6,0,0.5,0.2,0.2,0.7,0,1.7,2.9,0.4,0.6,0.9,0.2,1.8,1.4,1,0.5,0.9,1.4,40.2,81.1,234,,,,,,,,,,
CÃ´te d'Ivoire,Measles,"per 1,000,000 total population",22.7,14.5,18.1,6.7,1.9,2.8,2.2,2.2,6.4,29.9,21.5,9.1,0.6,0.3,0.6,6.3,192.9,271,341.4,343.6,348.2,300.9,788.3,638.8,"1,422.3","2,115.5",,562.5,"1,152.4",801,"1,492.6","1,622.3","1,520","3,194","2,312.8",896.5,623.9,780.7,"1,780.4","1,761.1",950.1
Democratic People's Republic of Korea,Measles,"per 1,000,000 total population",0,,0,0,0,0,0.1,0,0,0,0,0,0.3,146.8,0,0,0,0,0,0,,0,0,0,0,0,0,0,0,0,0,0,0,0,0,0,0,0,0,0,0
Democratic Republic of the Congo,Measles,"per 1,000,000 total population",918.8,"3,837",829,554.1,64.6,65.8,457,"1,238.5","1,043.6","2,004.4",83.7,0.9,206.3,950.8,"1,416.2","3,330.9",846.7,426.9,610.9,166.7,175.8,264.3,340.5,131.6,223.3,130.9,312.3,70.8,1.7,,131.9,334,407.3,471.5,633.2,652.9,391,741.3,"1,110.3","1,410.6","1,236.6"
Denmark,Measles,"per 1,000,000 total population",0.7,2.6,1.4,0.7,0.5,1.6,4.8,3,0.4,15,0.9,1.1,2.5,0.4,5,0.4,0,0,6,2.1,2.6,,,11.6,22.6,3.8,6.9,22.2,24.9,31.4,35,78.9,120.6,"1,224.9","4,592.7","2,578.5","4,141.5","6,493.1","3,055.8","6,955.9","5,513.1"
Djibouti,Measles,"per 1,000,000 total population",,,29.2,3.2,8.6,51.4,,31.7,816.7,57.4,8.3,58,175.2,29.8,61.7,380.5,92,48.7,66.9,107.8,255,487.2,291,,637,12.7,,59.8,209.7,21.4,176.2,869,894.1,106.1,,253.8,"3,189.5",,80.5,"12,090",
Dominica,Measles,"per 1,000,000 total population",0,0,0,0,0,0,0,0,0,0,0,0,0,0,0,0,0,0,0,0,0,0,0,0,0,0,0,0,0,85.3,184.6,127.3,140.4,"1,141.4",620.4,874.2,"2,545.8",13.4,26.7,358.5,0
Dominican Republic,Measles,"per 1,000,000 total population",0,0,0,0,0,0,0,0,0,0.2,0,0,0,0,0,0,0,0,0,13.1,29.9,32.8,1.7,0.1,0,0,0.4,614.5,"1,032.6","1,033.2",487.4,215.1,100.8,74.1,75.9,683.3,699.5,477.4,605,574.5,"1,681.6"
Ecuador,Measles,"per 1,000,000 total population",0,0,1.1,0,0.1,0,0,0,4.7,16.9,0,0,0.1,0,0,0,0,0,0,0.2,0,0,0,0,3.6,80.2,327.3,330.9,406.5,151.3,160.9,365.2,820.5,161.4,90.3,130.5,789.2,296.4,195.9,570.7,340.7
Egypt,Measles,"per 1,000,000 total population",0,0,0.5,0.2,2.4,58.8,14.5,4.6,2.8,0.3,0.2,7.5,8.4,21.5,12.4,1,1.1,2.3,9.1,30.6,38.3,22.9,73.5,71,69.2,29.4,23.6,48,75.1,21.4,15.8,74,68.8,34.7,23.2,112.8,102.1,17.4,161.7,40,19.4
El Salvador,Measles,"per 1,000,000 total population",0,0,0,0,0,,0,0,0,0,0,0,0,0,0,0,0,0,0,0.3,0,0,0,0,0.2,0,0,6.9,94,0,0,0,153.3,79.9,55.6,286.2,980.3,500.9,773.4,"2,690.3",504.2
Equatorial Guinea,Measles,"per 1,000,000 total population",37.8,0,0,0.8,"1,398.1","1,069.7",11.6,298.2,"1,154",0,0,86.5,506.5,6.1,0,,53,26.2,36.5,"2,119.8",,,,0,1.9,88.6,563.6,339.4,664,73.9,76.3,"1,431.3","37,661.9","30,980.6","2,135.4","1,317.7",597.2,,,,
Eritrea,Measles,"per 1,000,000 total population",3.4,1.7,20.3,351.3,42.1,59.2,38.4,13.7,59.7,14.9,16.1,26.3,0,18.4,43.9,6.7,8.8,144.6,185.4,85.9,344.2,143,143.2,354,811.8,83.9,243.9,119.3,,,,,,,,,,,,,
Estonia,Measles,"per 1,000,000 total population",0,20.4,7.6,0.8,1.5,3,0,1.5,3,5.3,0,0,0,0.7,20,1.5,0,0,0,0,6.4,8.5,12.1,12.8,13.4,11.9,157.8,209.7,46.7,83.3,21.1,,,,,,,,,,
Eswatini,Measles,"per 1,000,000 total population",0.9,0,0,0,0.9,0,0,0,0,0,293.9,24.6,1,0,0,0,0,342.2,36.3,48.3,9.9,0,183.7,632.1,"2,327.8",184.5,672.1,"8,052.2","2,355.3","1,735.5","1,781.3","1,829.7","2,043.2","5,691.7","3,113.6","4,653.3","7,099.7","5,009.9","14,583.7","4,260.5",
Ethiopia,Measles,"per 1,000,000 total population",17,35.7,16,18.1,44.2,176,129.9,55.1,46.9,36.1,48.3,13.8,42.3,17.9,18.5,4.7,1,3.2,47.5,34.7,25.1,82.8,25.6,18.3,26.9,9.9,20.5,21.6,93.6,10,38.3,90.1,169.2,111.5,89.6,"1,636.9",250,153.8,284.6,271.9,304.2
Fiji,Measles,"per 1,000,000 total population",,31.5,0,,5.7,,,,0,,0,1.2,0,0,164.3,,45.2,373.7,372.9,20.9,,,,"1,044.5",49.7,533.9,50.9,562.9,"1,301.6",,43.9,73.1,843.8,"1,489.4",535.7,213.6,"1,180.6",456.6,"1,349.7","1,540.7","1,437.1"
Finland,Measles,"per 1,000,000 total population",0.7,2.2,2.7,2,0.7,0.4,,0.4,,5,0.9,0.4,0.9,0,0,0.2,0,0,0,0.2,,,0.2,0,0,1.2,0.2,0,1,1.6,0.6,207.3,26,128.4,150.3,125,149.1,977.1,"1,117.2",792.8,448.4
France,Measles,"per 1,000,000 total population",3.7,40.5,44.9,8,1.2,2.4,4.2,4.3,,236.5,80.3,24.6,9.7,0.6,0.7,0.6,73.3,,86.7,,169.4,,,"1,374.1","1,137.7",938.4,764.1,"1,346.2","1,916.9","2,755.9",,,,,16.8,7.2,17.8,15.9,14.9,20.9,23.1
French Polynesia,Measles,"per 1,000,000 total population",0,,,,,,,,,,,,,,,,,,,,,,,,,,,,,,,,,,,,,,,,
Gabon,Measles,"per 1,000,000 total population",4,0.9,0.5,520.6,751.5,13.9,17.5,67.1,1.1,1.2,0.6,0,2,0,62.9,0,46.5,,85.4,"4,077.1",12.2,,,,62.9,,,930.3,"1,241.8",,777.3,"1,927",729,"2,373.4","8,030.1","6,313.6","8,985.1","5,514.9","2,286.9","3,096.6","2,259.3"
Gambia,Measles,"per 1,000,000 total population",,0.4,1.8,0.5,20.9,34,0.5,0,0,0,1.1,0,0,0,0,0,0,82.1,22.8,72.8,255,670.3,,"1,249.5",12.9,115.2,255.9,859.7,354.3,165.2,,,,,"5,052.2","2,154",,"1,959.4","2,309.3",398.4,445.7
Georgia,Measles,"per 1,000,000 total population",5,980.3,549.3,23.4,3.5,107.1,790,"1,944.3",7.6,15.7,5.4,5.6,13.5,10.6,79.7,322.1,"1,620.3",51,46.7,8.1,11.5,32.3,47.6,72.6,62.7,36.4,141.8,78.5,21.7,65.5,,,,,,,,,,,
Germany,Measles,"per 1,000,000 total population",0.9,6.2,6.5,11.2,4,30.1,5.4,21.8,2.1,19.9,9.7,7.1,11.3,7,28.3,9.5,1.5,9.5,57.1,74,,,,,,,,,,,,0.6,0.2,2.4,2.6,7.3,151.4,126,26,67.7,367.2
Ghana,Measles,"per 1,000,000 total population",2.8,41.9,1.1,0.7,1.1,0.8,4.6,12,62,4.7,25.9,4.2,3.5,0.3,18.8,19.9,2.8,93.4,607,682.1,"1,196.5",849.8,"1,271.2","2,080.6","1,962.7","2,367.2","2,102.5","2,150.7","2,551.1","1,126.8","2,182.7","1,393.2","2,900.7","1,828.6",843.1,"5,046.9","3,238.8","3,038.2","6,820","3,390.5","7,478.6"
Greece,Measles,"per 1,000,000 total population",0.3,4.3,217.7,91.6,0,0.1,0.1,0.3,0.3,3.7,13.7,0.2,0.1,0.2,,10.9,0.1,,0.4,1.1,5.1,6.3,6,12.5,561.5,10.4,15.3,47.8,330.9,132.9,24,52.6,504.9,188,104.8,148.9,121,"2,405.8",348.8,142.9,"1,398.6"
Grenada,Measles,"per 1,000,000 total population",0,0,0,0,0,0,0,0,0,0,0,0,0,0,0,0,0,0,0,0,0,0,0,0,0,29.9,0,0,0,20.7,62.3,20.6,40.8,60.3,199.6,70,111.7,"2,791.1","18,395.2",99.3,595.3
Guam,Measles,"per 1,000,000 total population",,0,0,,,,,,,,,,,,,,,,,,,,,,,,,,,,,,,,,,,,,,
Guatemala,Measles,"per 1,000,000 total population",0,0,0.1,0,0,0,0,0,0,0,0,0,0,0,0,0,0,0,0,0,0,0,0.1,0.7,0.1,2.2,20.1,1.7,10,22,950.1,266.6,20.6,46.3,195.5,275.7,382,352,521.5,465,371.1
Guinea,Measles,"per 1,000,000 total population",38.5,356.7,38.8,168.7,26.9,21.3,15.7,4.9,0.6,1.1,4.4,26.5,9.1,0.3,0.4,10.9,1.1,285.3,250.5,880.1,"1,370.5","2,235.2","1,166.6","1,327.3","1,378.9",149.3,335,758,240.8,"1,026.5","2,008.1",673.2,560.5,"1,268.2",460.4,542.7,825.3,"1,704.6","2,961.9","2,293.3","1,755.5"
Guinea-Bissau,Measles,"per 1,000,000 total population",11.2,31.2,14.9,6,0,88.1,0.6,0,0,0,17.1,0,8.3,0.7,0,0,"2,684.4",902.4,237.6,102.7,,401,,439.7,65.7,484.9,354.5,"1,636",825.2,"2,402",265.6,111.1,"1,182.2",190.6,"2,510.9","1,522.7",417,"3,876.1","1,990.4","2,640.4","1,704"
Guyana,Measles,"per 1,000,000 total population",0,0,0,0,0,0,0,0,0,0,0,0,0,0,0,0,0,0,0,0,0,0,0,0,0,0,0,0,0,16.1,1.3,14.8,"1,221.6",29,19.6,112.9,379.2,25.7,52.5,9,594.8
Haiti,Measles,"per 1,000,000 total population",0,0,0,0,,0,0,0,0,0,0,0,0,0,0,0,0,0,0,18.5,117.2,0,0.4,0,0.1,,,,,,200.9,84.1,34.8,472.9,41.5,333.1,271.4,143.6,180,433.4,89.8
Honduras,Measles,"per 1,000,000 total population",0,0,0,0,0,0,0,0,0,0,0,0,0,0,0,0,0,0,0,0,0,0,0,0.8,0.7,0,0.5,2.4,11.1,18.6,"1,687.1","1,319.5",247,316.4,136.7,"1,512.7","1,210.1",289.7,625.5,"1,544.2","1,138.6"
Hungary,Measles,"per 1,000,000 total population",0,2.4,1.4,3.7,0,0,0,0.1,0.2,0.5,0,0.1,0,0,0.1,0.2,0,0,0,2,0.1,0.1,2.2,2.3,1.2,0.4,1.1,3.2,1.4,1.5,2.8,,105.7,2.9,1.6,1.9,9.2,11.6,235.3,983.9,111.4
Iceland,Measles,"per 1,000,000 total population",0,26.5,0,9,3,0,0,0,0,0,0,0,0,0,0,0,0,0,,0,0,,,3.7,3.7,7.5,26.4,30.5,30.8,38.8,54.9,91.1,44,56.7,540.3,"1,548.1",678.4,165.2,60,104,57
India,Measles,"per 1,000,000 total population",4.1,7.6,14.4,9,13,23,20.5,6.5,2.6,26.9,25.5,46.1,36.9,34.8,55.1,32,49.1,42.4,36.6,48.2,36.8,20.2,33.3,60.9,47.9,38.9,53.4,54.3,79,87.4,102.6,193.8,192.7,308.6,193.4,205.5,248.9,173,199.7,282.4,163.2
Indonesia,Measles,"per 1,000,000 total population",1.9,7.3,19.8,34.1,26.6,58.4,50.7,33.4,62.3,89.3,78,87.2,65.3,83.7,89.1,70.1,130.6,111,66.7,17.8,15.8,22.9,5,75.5,177,191.4,248.3,334,429.2,489.5,507.7,"1,288.7",436.9,2.3,6.7,57.3,117.3,29.6,162.8,219.3,196.2
Iran (Islamic Republic of),Measles,"per 1,000,000 total population",0,0.2,2.5,0.6,1,7.8,1.3,2.5,4.4,1,7.3,3.6,1.8,1.9,3.1,0.1,0,170.9,142,144.2,180.9,63.8,44.8,61.8,37.4,4.3,8.4,77.3,85.5,104.6,94.8,107.5,217.8,378.6,302.6,434.7,723.7,999.7,"1,139.7",892,805.4
Iraq,Measles,"per 1,000,000 total population",,96.6,12.7,1.1,1,40.3,38.3,20.2,0.5,0.5,16.5,"1,046.8",193.5,8.2,17.3,33.7,345.1,,,168.9,30.9,435,"1,977.7",33,12.3,379.7,545.4,862,"1,092.6",634.9,174.8,683.6,558.9,490.7,636.2,"1,426.2","2,511.3","2,558.3","2,187","4,578","1,944"
Ireland,Measles,"per 1,000,000 total population",3,13.3,15.8,5.3,9.2,0.9,7.1,11,23.2,62.1,97.3,36.5,12.9,14.8,20.6,22.9,82.3,146.7,62.2,62.7,,39.4,55.3,50.7,63,65.4,345.6,"1,220.2",50.7,38.4,158.4,355.6,266.5,57.2,128.3,"2,820.6","1,636.4","1,776.1",549.3,314.1,326.8
Israel,Measles,"per 1,000,000 total population",0.7,110.2,379,5.1,1,10,0.8,6.5,27.7,9.3,3.1,0.7,132.6,78.7,1.3,0.3,18.1,19.8,0.3,3.1,6.1,2.4,1.4,2.2,3.5,4.2,304.6,28.6,13.9,215.9,51.7,6.7,45.7,105.1,475.8,744.7,34.5,33,"2,048.9",60.5,58.1
Italy,Measles,"per 1,000,000 total population",1.7,26.8,44.2,66.6,,2.6,,,6.3,87.1,6.3,5.9,27.4,5.5,7.5,2.3,10.3,190.8,164.1,,25.7,51.3,71.8,725,571.2,649.4,107.6,295.3,"1,137.7",410.9,91.6,512.3,"1,616.8",361.8,373.9,"1,318","1,356.7",464.6,325.2,"1,260.7",487.2
Jamaica,Measles,"per 1,000,000 total population",0,0,0,0,0,0,0,0,0,0.4,0,0,0.7,0,0,0,0,0,0,0,0,0,0.8,0,1.6,5.9,0,0,0,126.3,"1,508.7","2,382.4",12.6,15.6,12.7,28.7,102.3,512.4,"1,260","2,397",16.6
Japan,Measles,"per 1,000,000 total population",0.1,5.8,2.2,1.5,1.3,0.3,3.6,1.8,1.8,3.4,3.5,5.8,85.7,,4,,68.3,64.7,264.4,176.6,176.4,,7.1,,12.9,,,15.9,,43.6,26.2,14.1,25.2,47.7,51.6,23.1,101.2,60.5,56.2,180.8,112.2
Jordan,Measles,"per 1,000,000 total population",0,4.8,0,0,0,0,2.2,14.1,0.4,0,0,0,0.3,6.6,0.2,4.9,3.8,14,3.6,11.7,6.2,22.9,86.6,"1,449.1",94.7,69.3,117,710.5,269.3,38,81.3,411,"1,477",525.3,98.5,192.8,930.9,68.5,621.8,476.3,232.1
Kazakhstan,Measles,"per 1,000,000 total population",174.2,718.3,31.4,0.1,6.8,29.9,18.6,4.3,3.3,7.7,0.2,0,1.3,0.8,7,"1,046.4",144.5,1.6,1.2,6.3,16.4,92.6,127.4,7.8,7.9,17.9,111.6,203.8,39.7,87,16.7,,,,,,,,,,
Kenya,Measles,"per 1,000,000 total population",11.1,8.4,16,1.3,2.6,2,7.6,4.2,,55.5,2.3,29.8,32.2,39.2,49.1,4.2,0.6,1.9,22.7,344.1,657,276.6,306.2,113.5,124.9,119.6,155.1,36.8,"2,566.7","2,444.2","3,248.6","3,781.4","3,168.8","2,331.8","1,270.4","5,609.1","10,453.3","15,499.4","15,266.2","15,110.2","1,734.3"
Kiribati,Measles,"per 1,000,000 total population",0,25.5,0,0,,,0,0,0,0,0,0,0,0,,0,0,,0,0,0,24.1,"4,352.8",311.8,164.8,51.5,"3,808.5","1,505.6","58,275.2",108.6,414.4,"22,751.3","3,821.2",327.1,30.5,"31,491.3","22,583.8",0,180.7,"1,164.6","2,866.7"
Kosovo (in accordance with UN Security Council resolution 1244 (1999)),Measles,"per 1,000,000 total population",,,,,,,,,,,,,,,,,,,,,,,,,,,,,,,,,,,,,,,,,
Kuwait,Measles,"per 1,000,000 total population",,2.9,10.2,4.4,2,4.7,14.9,17.6,8.1,10.1,4.3,,,,,4.4,10.5,,,,2.9,6.7,49.2,15.2,9.2,7.5,260.3,146.7,200.3,81.2,33.9,33.9,34.4,220.7,129.3,"1,187.7",368,"1,008.3",388.7,"1,802.9","1,009.7"
Kyrgyzstan,Measles,"per 1,000,000 total population",,371,159.7,0.8,0,"2,983.5",54.4,0.2,0,40.2,0,0.2,3,7.7,5.3,10.4,1.6,1.2,0.4,3.4,3.3,98.3,500.8,212.1,16,3.7,37.2,853.1,183,186.4,133.6,,,,,,,,,,
Lao People's Democratic Republic,Measles,"per 1,000,000 total population",19,156.1,1.4,0.4,1.2,8.3,51.1,10.9,5,17.8,24.5,12.7,28.8,282.3,9.9,51.3,263.3,324.6,376.8,17.4,62.4,439.7,896.7,132.9,185.2,654.9,207.8,234.4,115.5,319.7,509.1,674.8,557.8,660.6,360.3,404.6,257.6,308.3,112.6,,423.6
Latvia,Measles,"per 1,000,000 total population",0,1.6,13,0,0,0,17.8,0,1.4,0.5,0,0,1.4,0,3.1,0.9,0,,,0.4,0,0,1.2,1.6,1.2,0.8,3.9,20.9,94.6,2.3,7.9,,,,,,,,,,
Lebanon,Measles,"per 1,000,000 total population",2.2,152.7,137.6,18.5,6.6,6,17.9,297.8,1.6,1.7,2.4,4.6,5,78.2,200.9,131.5,46.6,119.9,8.6,2,1.3,2.1,261.5,36.6,0.6,0.9,15,122,4.2,,,,,,,,,101.4,,1.2,
Lesotho,Measles,"per 1,000,000 total population",18.2,218.3,3.3,0,0,0,0,254.4,88.8,85.8,"1,246.8",0,0,1,0.5,,15.5,0.5,0,106.6,324.7,467.4,,0,,160.1,307.8,129,"1,018.9","1,349.2","1,288.3",826.9,"1,101.8","1,533.5","2,802.1","4,824","3,907.5","3,606.3","4,904","5,533.5","5,920.5"
Liberia,Measles,"per 1,000,000 total population",174.8,243.7,784.6,204.2,172,237,7.8,0,10.4,69.4,565.4,1.6,0.3,0.3,6,2.5,1.3,46.1,43.3,466.8,"2,098.3",621.9,570.4,"1,272.9",897,27.4,287.4,"3,236.7","2,885.7",,,885.9,"1,197.7","1,011.5",387.3,"1,251.8","2,912.9","2,350.3","3,454.7","4,070.2","3,544"
Libya,Measles,"per 1,000,000 total population",,27.7,162,1.2,4.9,12.8,58.5,,50.9,,,53.6,1.3,9.9,0.2,50.4,485.3,,703.3,116.3,,,9.6,5.1,,,232.1,154.1,793.6,373,209.8,47.8,74.9,97.6,213,"1,082.4",674.2,275.5,266.6,469,480.5
Lithuania,Measles,"per 1,000,000 total population",0.7,302.2,10.7,0.7,7.6,17.1,3.7,11.6,0,2.3,0.6,0,0.3,0,0.3,0.3,0.3,0.3,29.9,2,5.4,6.5,5.1,8.4,9.7,51.8,78.4,67.8,54.2,38.7,,,,,,,,,,,
Luxembourg,Measles,"per 1,000,000 total population",0,39,6.6,6.8,0,0,,0,3.8,11.6,0,0,2.1,0,17.2,,0,2.2,,,0,,,2.4,60.4,2.5,2.5,10.1,122.6,2.6,41.9,31.8,48.1,412.3,73.2,169,95.7,57.5,665.6,586.7,173.1
Madagascar,Measles,"per 1,000,000 total population",28.1,"7,906.4",815.6,0.4,0.2,0.1,0.1,0.3,0.1,0,0,0,0.2,0,0.1,,"1,997.3","3,601.6",643.9,575.4,"2,236.1","2,303","1,047.4",966.3,428.8,870.5,"1,084",478.1,150.1,487.7,"1,246.6","2,631.5","1,558.5","1,018.1","2,081.3","6,944.3","6,839.3","10,724.1","9,150.2","15,678","13,730.1"
Malawi,Measles,"per 1,000,000 total population",4,0.9,0.1,0.2,0,0,0.2,0.1,0.7,1.7,"8,164.7",1.5,1.5,10.7,0.1,14.6,90.7,13.9,7.9,13.1,27.3,14,340.3,"1,056.5",909.9,428.5,222,372.2,"3,322",596.9,,"10,258.3","9,390.2","14,010.4","13,785.1","17,415.6","11,596.6","22,298.9","15,979.5","13,194.8","26,027.9"
Malaysia,Measles,"per 1,000,000 total population",14.8,33.7,62.8,54.9,51.1,43.5,7.4,6.6,64.3,54.8,2.6,5.5,12.3,14.7,21.5,54.8,227.4,25.6,16.9,92.7,266.7,113.7,21.8,29.1,21.9,31.9,17.3,27.8,19.1,14.8,31.2,58.6,135.4,328.6,292.9,331,536.3,628.4,640.4,402.6,632.5
Maldives,Measles,"per 1,000,000 total population",27.7,0,1.9,2,0,0,0,0,0,0,0,17,0,59.7,143.5,"4,364.7",118.9,247.8,"3,147.7",0,71.6,,0,,0,"12,080","2,840",251.4,0,0,0,0,0,0,0,"10,705",0,0,0,"9,028",
Mali,Measles,"per 1,000,000 total population",24.6,23.1,26.2,1.4,6,12.3,17.1,13.4,21.3,1.5,114.2,201.6,6.9,0.1,9.7,2.6,13.9,19.4,61.7,396,144.2,235.5,988.4,349.8,"1,117.7",344.9,366.4,"1,165.9",884.7,"1,560.2",164.3,434.5,548,539.8,587.1,"3,796.3",584,"1,160.9","2,223.9","1,162.9","1,411.4"
Malta,Measles,"per 1,000,000 total population",4.5,68.1,13.7,0,0,4.6,0,,,7.2,0,2.4,2.4,4.9,2.5,14.8,9.9,10,17.6,5,5.1,2.6,7.7,13,42.1,71.6,21.4,8.1,116.9,21.9,16.6,47.4,47.8,130.5,"5,277.2",505.4,169,"1,823.6","4,540.5",362.1,42.2
Marshall Islands,Measles,"per 1,000,000 total population",,,,,,,,,0,0,0,0,,0,0,0,0,"21,079.2",0,0,0,0,0,0,0,,0,180.6,203.1,392.5,296.2,283.7,,0,24.9,104.4,0,0,0,0,0
Mauritania,Measles,"per 1,000,000 total population",0,43.3,17.5,14.7,3.1,0.2,3.6,16.2,9.4,65,369.8,94.9,1.2,3.4,7.1,42,"1,714.4","1,263.8",317.8,517.3,,"2,054.6",522,205,,84.3,"1,182.9","2,617.2","2,328.9","2,203.6",677.9,"2,539",224.8,"1,235.8","2,906.5","8,495.9","6,473","9,340.8","4,127.6","5,457.3","7,426.1"
Mauritius,Measles,"per 1,000,000 total population",,77.2,,0,0,,0,0,0,1.6,9.6,12.1,9.7,10.5,2.4,5.7,23,642.7,,0,0,0,,0,0,5.3,9,80.1,6.5,0,0.9,0,1.9,0,4.9,2,6,0,4,0,36.2
Mexico,Measles,"per 1,000,000 total population",1.5,0,0,0,0,0,0,0,0,0,0,0,0,0,0.2,0.1,0.6,0.4,0,0,0.3,0,0,0,0,2.7,1.4,1.9,6.1,59.4,819.4,247.4,48.5,35.1,126.6,313.6,69.4,46.3,89.6,160.4,438.7
Micronesia (Federated States of),Measles,"per 1,000,000 total population",,0,0,0,0,0,"1,303",0,0,0,,0,,0,0,0,0,0,,0,0,0,0,0,,0,"8,771.1",0,404.4,0,10.4,0,0,11.1,,,,,,,
Monaco,Measles,"per 1,000,000 total population",,25.7,0,26,,,,,137.1,,,,,,,,,0,,,,,0,,,,,,"5,358.5",,0,0,0,0,0,0,0,0,0,441.8,
Mongolia,Measles,"per 1,000,000 total population",0,0.6,0.3,2.9,"9,904.9","6,789.9",0,0,0,0,2.6,3,11.8,4.6,10.2,0,0,7.3,493.2,"4,412.7",385.8,4.2,3.4,1.7,55.3,241.5,77.6,31.4,476.5,295.8,135.5,"1,016.3","1,456.7",185.9,67.3,273.2,"15,893.4","1,061.3",117.6,400.9,"3,159.3"
Montenegro,Measles,"per 1,000,000 total population",,0,318.6,0,0,,,0,0,8,8,0,0,0,0,,,,,,,,,,,,,,,,,,,,,,,,,,
Montserrat,Measles,"per 1,000,000 total population",,0,0,,,,,,,,,,,,,,,,,,,,,,,,,,,,,,,,,,,,,,
Morocco,Measles,"per 1,000,000 total population",,,13.4,,,0.5,0.3,2.7,20.1,30,19.6,26.1,46.1,72.1,39.5,,212.5,364,203.7,93.5,255.9,381.4,279.7,90.5,48.4,88.2,132.1,322.3,233.7,84.1,63.6,69.3,96.5,"1,135.4",667.2,187.4,521.9,"3,759.3","2,533.4","5,346.1","4,348.1"
Mozambique,Measles,"per 1,000,000 total population",13.6,2.1,0.5,4.3,,2.9,0.3,0.3,5.8,7.3,98.6,2.6,0.2,12.3,8.7,614.7,471.9,"1,494.9",381.3,388.8,416.4,228.3,933.3,934.6,579.6,269.1,643.4,403.5,224,379.6,"1,392.3","1,782.9",951.7,997.1,"1,257.7","1,293.2",989.9,943.3,977,"1,373.1","2,585.5"
Myanmar,Measles,"per 1,000,000 total population",8.2,97.2,25.9,24.2,5,0.1,2.3,19.5,42.3,40.1,3.8,6.5,6.7,21.9,15.4,6.4,27.4,17.2,15.4,53.3,18.1,17.1,32.1,23,37.9,26.7,42.8,62.5,42.3,105.9,191.1,95.3,107.8,140.6,99,431.5,445.2,518.4,702.5,766.8,627
Namibia,Measles,"per 1,000,000 total population",2,4.8,3.7,6.7,17,91.6,209.8,460.3,39.2,36.6,"1,481","1,958.6",0,10.5,1.5,2.1,2.1,139.4,690.2,228.1,261.3,167.8,285.9,"3,156","2,946.4","1,058.4",83.6,854,"4,531.4",,,,"3,353.4","13,113.2",,,,,,,
Nauru,Measles,"per 1,000,000 total population",,0,,,0,,,,"1,085.2",0,,0,0,0,0,0,0,,0,0,0,95.7,,"5,449.6",,0,,,,,"31,559",0,,0,115.2,,,,124.8,0,"1,290.2"
Nepal,Measles,"per 1,000,000 total population",13.3,15,9.3,3.6,46.5,59.2,47.5,69.1,124.6,87.2,7,7,78.3,53.6,108.9,195.1,475,532,273,445.6,392.5,,250.3,561.3,326.5,222.9,66.6,2.9,6.8,4.8,9.6,9.3,10.7,10.8,3.9,56.5,123.9,69.4,80.6,16.5,37.4
Netherlands,Measles,"per 1,000,000 total population",0.1,4.9,1.4,0.9,0.4,0.4,8.3,156.3,0.6,3,0.9,0.9,6.6,0.6,0.1,0.2,0.7,0.2,0.2,,64,149.5,0.6,1.3,3.7,11.9,19.6,30.7,31.1,3.9,1.1,8.3,102.8,15.5,6.2,1.7,5.7,33.4,6.6,5.4,12.6
New Caledonia,Measles,"per 1,000,000 total population",,,0,,,,,,,,,,,,,,,,,,,,,,,,,,,,,,,,,,,,,,
New Zealand,Measles,"per 1,000,000 total population",1.5,457.7,6.3,3.2,22.1,2.2,61.3,1.8,15.2,135.1,9.8,45.8,,5.9,4.8,4.8,8.1,16.4,5.3,16.6,16.8,27.8,43.3,543.9,,,9.1,19.4,,"2,680.9",,0,,,,,,,,,
Nicaragua,Measles,"per 1,000,000 total population",0,0,0,0,0,0,0,0,0,0,0,0,0,0,0,0,0,0,0,0,0,0,0,0,0,1.1,0.7,76,534.3,0,0,0,78.6,202.6,667,256,42,31.6,65.4,66.7,"1,158.8"
Niger,Measles,"per 1,000,000 total population",113.8,442.8,224.3,54.2,37.3,384.6,59.4,66.1,15.3,45,22.6,50.6,86.4,19.2,4.2,160.2,"4,804","4,284.5","2,591","5,208.6","1,881.4","3,308","1,081.4","3,207.7","7,013.7","7,163.7","5,310.1","4,125.9","3,658.4","10,866.7","2,549.4","2,947.5","2,234.1","1,949.8","2,476","9,353.5","6,280.3","4,639.3","6,276.5","5,863.2","6,146.4"
Nigeria,Measles,"per 1,000,000 total population",43.1,139.8,36.1,58.6,92.1,68.6,38.9,307.7,38.6,115.7,53.6,8.2,66.3,17.9,4.9,798.8,232.9,"1,070.9",326.7,"1,340.6","1,735.2","1,820.8","1,230.2",188.5,801.3,114.8,"1,007.5",532.9,858.3,450.8,"1,215",363,839.7,881,"1,349.5","1,935.9","2,241.8","1,722.3","1,805.4","1,718.9","2,207.8"
Niue,Measles,"per 1,000,000 total population",,0,,,,,,0,0,0,0,0,0,0,,0,0,0,0,0,0,0,0,0,0,0,908.7,0,0,"52,792.3",,419.8,408.8,0,"2,685.1","7,740.5",0,0,0,612,"6,468.7"
North Macedonia,Measles,"per 1,000,000 total population",0,641.7,30.7,9.1,0,0.5,55.8,1.9,3.4,338.2,104.8,2.4,13.1,0.5,1.5,2.4,4.4,8.8,9.3,13.2,17.7,26.2,,182,530.8,109.4,115.6,"1,257.5",90.5,90.8,,,,,,,,,,,
Northern Mariana Islands,Measles,"per 1,000,000 total population",,0,0,,,,,,,,,,,,,,,,,,,,,,,,,,,,,,,,,,,,,,
Norway,Measles,"per 1,000,000 total population",0.7,3.3,2.2,0.2,0,2.7,0.6,1.6,0.8,7.9,0.6,0.4,0.8,,0,0,1.5,1.8,1.1,0.9,0,,,2.5,5.2,4.1,1.4,1.6,17,4,22.4,3.1,31.6,134.5,292.4,315.9,428.9,"1,498.6","2,669","1,118.8",323.5
"occupied Palestinian territory, including east Jerusalem",Measles,"per 1,000,000 total population",196.2,45.8,0,,,,,,,,,,,,,,,,,,,,,,,,,,,,,,,,,,,,,,
Oman,Measles,"per 1,000,000 total population",,0,0,1.9,24.8,0,,0,3.7,1.5,1,6.6,6.5,9,5,10,7.4,0.4,2.1,6.5,6.6,4,2.2,5.3,20.6,30.8,84.2,"1,499.9",924.7,116.2,696.4,"2,443.8","3,606.4","2,348.3","1,281.7","2,776.9","6,744.6","6,723.3","12,902","33,327.5","9,208.4"
Pakistan,Measles,"per 1,000,000 total population",12.4,9.5,155.5,44.1,13.3,1.9,7,45.7,43,23.9,24.1,4.9,6.6,16.7,46.6,18.6,27.1,31,26.1,26.4,14.5,21.2,17.3,14.1,8.6,13.9,11.8,16.8,26,5.6,202.4,22.5,547.8,468,444.3,289.5,194.2,243.4,238.4,359.6,366.1
Palau,Measles,"per 1,000,000 total population",,,,0,0,0,0,0,0,0,0,0,0,0,0,0,0,,0,,0,0,54.3,0,0,0,0,"5,710.8",0,0,0,68,0,0,0,0,0,0,0,0,0
Panama,Measles,"per 1,000,000 total population",0,0,0,0,0,0,0,0,0,1.1,0,0,0,0,0,0,0,0,0,0,0,0,0,0,0,6.9,1.1,34.2,328,963.1,765.3,124.4,159.6,813.1,"1,851","1,935.4",165,280.4,"1,935.6","2,138.2","1,059.4"
Papua New Guinea,Measles,"per 1,000,000 total population",0.4,0.1,2.2,0.8,0,4.7,289.3,1.5,0,0,0,0,0,0,0.2,188.1,218,620.7,"2,889.2",673.3,"1,220.2","1,102.8",205.7,124.5,435.2,719.1,"1,346.5","1,659.3","1,371.7",579.8,991.2,"2,174.2","1,487.3","2,377.6","4,544.1","1,391.8","2,483.4","2,588.9","3,388.9","4,503.4","3,395.2"
Paraguay,Measles,"per 1,000,000 total population",0,0,0,0,0,0,0,0,0,0,0,0,0,0,0,0,0,0,0,0,0,0,13.7,28.6,2.7,15.3,26.1,453.5,194.4,121.4,330.5,93.9,188.7,447.6,161.2,181.2,274.1,363,157.6,130.8,234.2
Peru,Measles,"per 1,000,000 total population",0,0.1,1.3,0,0,0.1,0,0,0,0,0,0,0,0,0,0,0,0,0,0,0,0.5,0.4,3.8,4.2,14.5,28.1,73.9,984.2,45,33.4,53,273.5,301.6,301.5,475,674.9,403.7,689.7,560,"1,096.8"
Philippines,Measles,"per 1,000,000 total population",35,448.8,195.3,23.1,6.9,6.1,585.5,29.5,15.8,68.4,67.8,15.9,3.8,5.9,0.1,1.4,35.7,126.6,86.1,92.4,91.3,39.1,26.6,126.2,,56.1,44.1,113.2,604.5,457.6,693.7,"1,143.3","1,204.2","1,430.2","1,064.9","1,160","1,425.2",849.7,719.4,555.4,565.2
Poland,Measles,"per 1,000,000 total population",0.8,36.1,9.5,1.7,3.2,,,2.2,1.9,,0.3,3,,1,3.1,0.3,0.3,1.2,0.9,3.5,2,2.6,58.5,8.8,16.6,19.6,22.5,36.8,96.7,63.5,"1,487.6",191,26.7,34.3,182.2,960.8,"1,475.8",308.3,210.4,983.4,700.1
Portugal,Measles,"per 1,000,000 total population",,1,15.8,3.3,3.3,0,,0.1,2.2,0.2,0.5,0.3,0.1,0,0,0.7,0.5,0.8,0.8,,4.4,4.9,9.4,12.7,11.1,19,321.6,88.1,20.9,27.7,41.1,"1,192.1",230.8,82,,,,,,,
Qatar,Measles,"per 1,000,000 total population",1,1.8,0.7,3.3,11.3,7,18.7,31.2,72.9,49.6,158.9,67.7,,296.3,140.8,85.5,38.5,35.2,53.1,37.4,77.6,,210.3,820.1,72.7,0,61.1,171.5,137.3,"1,155.2",659.3,"2,345.7",861.1,968.9,"5,267.3","3,801.7","2,596.2","2,638.2","1,825.2","6,004.3","1,752.9"
Republic of Korea,Measles,"per 1,000,000 total population",,3.8,0.3,0.1,0.4,0.1,8.7,2.1,0,0.8,2.3,0.3,0,4,0.6,0.1,0.2,0.7,1.3,483.4,689.1,,0.1,0,1.6,1.6,175.9,,,,79.6,56.3,37.5,45.1,44.1,31.4,55.7,17.5,173,59.8,134
Republic of Moldova,Measles,"per 1,000,000 total population",,22.3,83.9,0,0,0,0.5,6.6,2.7,0,0,0,0,2.4,8.2,1.4,1,20.8,"1,179.7",109.1,163.5,58,158.2,84.9,79.7,270.5,906.4,198.1,73.6,141.9,742.6,,,,,,,,,,
Romania,Measles,"per 1,000,000 total population",52.2,201.4,328.5,461.8,123,0.2,2.9,57.6,368.3,206,9.4,0.4,0.6,16.8,150.5,235.5,5.4,0.4,0.6,0.5,1.6,10.8,424.9,"1,041.6",39.7,95.3,269.4,"1,217.7",259.3,75.6,199.7,164.9,77.4,508.1,"1,468.7",217,91.7,206.2,"2,701.7",949.3,463.2
Russian Federation,Measles,"per 1,000,000 total population",8.3,30.8,17.4,5,1.2,5.8,32.6,16.2,14.7,4.4,0.9,0.7,0.2,1.2,8,3.2,17,22.8,4,14.2,32.8,50.6,42.2,19.5,48.1,44.7,193.3,501.9,125.2,138.2,124.5,,,,,,,,,,
Rwanda,Measles,"per 1,000,000 total population",8.3,64.8,18.6,12.1,8.1,0.1,0.9,1.6,7.1,3,12.1,0.5,0.6,2.8,54.6,14.6,44.5,124.3,324.9,108.9,264.1,581.1,,122.6,663.2,"4,947.1","1,010.6","1,574.3","2,600.5",821.6,"1,230.6",746.1,615.7,"1,827","6,634.2","2,726.6","2,925.5","3,514.5","6,683.6","14,895.9","15,602"
Saint Kitts and Nevis,Measles,"per 1,000,000 total population",,0,0,0,0,0,0,0,0,0,0,0,0,0,0,0,0,0,0,0,0,0,0,0,0,23.8,0,0,0,0,"1,987.1",297.4,295.3,511.7,530.4,644.8,47.4,"13,089.4","3,229.4","1,210.3","7,060"
Saint Lucia,Measles,"per 1,000,000 total population",0,0,0,0,0,0,0,0,0,0,0,0,0,0,0,0,0,0,0,0,0,0,0,0,0,13.6,0,0,0,14.3,217.4,73.6,30,30.6,249.1,71.3,104.6,579.3,"16,852.9","1,122",297.1
Saint Vincent and the Grenadines,Measles,"per 1,000,000 total population",0,0,0,0,0,0,0,0,0,0,0,0,0,0,0,0,0,0,0,0,0,0,0,0,0,0,0,0,0,0,9.3,9.3,93.9,9.4,19,47.8,144.5,611.5,"7,403",187.3,"2,555.5"
Samoa,Measles,"per 1,000,000 total population",55.4,"28,853.8",0,15.4,,,,,5.3,0,43,0,,,0,0,0,0,,,,,46.3,0,508.3,0,0,41.9,24.2,0,0,6.2,0,0,6.2,"6,844.2",0,44.2,177.9,460.3,"2,417.6"
San Marino,Measles,"per 1,000,000 total population",0,354.4,0,0,0,,,,31.1,0,0,0,,0,0,0,0,105,,,36.4,0,,828.2,,,,238,281.9,40.9,41.5,,,,,,,,,,
Sao Tome and Principe,Measles,"per 1,000,000 total population",,0,0,0,0,15,0,0,0,0,0,0,0,0,0,0,0,0,0,0,0,,,0,0,174.7,"2,464.7",692.6,0,0,83.9,,"1,041.6",0,642.3,590.9,"5,601.5","2,137.2",30.2,"1,984.2","5,417.9"
Saudi Arabia,Measles,"per 1,000,000 total population",1,30.2,34.5,13.9,3.9,6.9,5,38.7,10.1,12.8,12.2,3.1,6.1,184.6,32.9,15.7,81.3,53.8,14.3,7.3,,139.4,279,205,126.5,138.1,68.8,179.1,653.8,379.7,335,229,545.8,"2,022.8","1,655","1,402","2,452.5","3,814.4","3,029.8","3,470.8","4,758.3"
Senegal,Measles,"per 1,000,000 total population",12.7,16.4,0.8,0.7,10.8,4,2.3,1.2,3.4,1.4,33.8,81,0.5,0.9,0.3,0,2.9,144.1,"1,768.2","2,470",596,383.3,705.4,722.2,905.3,,702.5,"1,786","1,923.3","1,473.4",664.9,"1,497.9",225.2,502.2,"1,024",,,"4,348.6","5,479.1","6,012.8","5,220"
Serbia,Measles,"per 1,000,000 total population",,2.5,576.6,81.7,1.2,43.1,4.2,0.1,0,41.3,2.2,0.1,0.2,22.1,0.2,0.2,1.2,1.6,6.7,3.7,4,30.1,95.2,479.5,46.5,53,81.1,"1,712.8",217.3,103.2,523,"1,708.7",705.4,923.7,"1,520.3","2,736.8","2,200.9","1,420.6","1,526.4","2,323.8","4,202.9"
Seychelles,Measles,"per 1,000,000 total population",274.5,0,,0,0,0,0,0,0,0,0,0,0,11.1,111.7,0,0,0,0,0,,25,"7,917.6",38.3,25.8,0,0,0,0,84,184.2,71.3,0,28.6,57.2,143.3,273.8,"3,878.3","5,093.8",59.5,45.3
Sierra Leone,Measles,"per 1,000,000 total population",2.1,5.1,45,250.1,125.5,84.6,143.4,2.2,101,284.2,169.7,4.9,7.2,0,5.7,5.1,1.3,112.7,114.4,136.5,779.8,,,83.3,,79.9,26.5,528.5,210.2,65.3,192.1,146.9,49.8,247.6,41.9,880.6,"1,083.2","1,195.4","1,158.7",983.8,"1,069.8"
Singapore,Measles,"per 1,000,000 total population",,26.2,6.6,12.3,,,,25.3,7.8,28.1,9.7,3.2,3.8,3.3,5.2,7.7,23,8,51.4,100.1,35,16.4,29.5,376.6,,52.5,46.5,0,189.4,69.7,47.5,49.7,66.8,43.7,78.9,50.3,914,262.3,780.4,313.4,
Slovakia,Measles,"per 1,000,000 total population",0,58.3,103.6,1.3,0,0.2,0,0,0,0,0,0,0,0,0,0,0.4,0.2,0,0,0,0,98.2,115,0,0.4,5.4,103,77.9,39.7,8.9,,,,,,,,,,
Slovenia,Measles,"per 1,000,000 total population",2.9,24.5,4.3,3.9,0.5,8.7,25.2,0.5,1,10.7,1,0,0,0,0,0,0,0,0,0,,0.5,6.5,4.5,4,199.9,67.2,3.5,5,15.9,,,,,,,,,,,
Solomon Islands,Measles,"per 1,000,000 total population",,,0,0,0,0,,0,0,0,0,0,0,0,0,0,0,0,0,0,,,0,0,0,0,"1,832.3","4,497.7",260.6,140.3,"1,099.8","45,434.5","2,010.4","1,512.9",0,7.4,906,"3,625.9","13,516.1","8,824.4","1,474.8"
Somalia,Measles,"per 1,000,000 total population",159.3,18.3,608.1,"1,579.2",1.8,543.4,762,242.9,785.1,"1,397.7",9.5,1.1,94.8,103.7,0.7,,"1,185.4",841.2,"1,006.1",388.7,446.9,645.7,373.4,,238.2,,,,,,,138.5,42.3,32.4,10.4,19.3,73.6,94,,,
South Africa,Measles,"per 1,000,000 total population",0.7,1,1.2,3.7,0.3,0.3,1.2,0.5,0.6,1.8,244,116,0.8,0.6,1.7,12.8,17.6,5.2,22.6,25.6,32.4,8.7,22.4,31.1,153.9,213.5,168.7,324.7,588.1,126.6,288.7,508.4,434.7,657.7,401.8,547.3,507.5,539.9,428.1,538.9,672.1
South Sudan,Measles,"per 1,000,000 total population",115.2,307.4,24,44.6,82.9,81.9,41.8,50.7,193,127.8,,,,,,,,,,,,,,,,,,,,,,,,,,,,,,,
Spain,Measles,"per 1,000,000 total population",1.9,6.2,4.8,3.5,0.8,2.5,3.3,2.8,25.6,80.7,6.4,0.9,6.4,5.9,8.1,0.5,0.6,6,1.6,,3.7,6.1,11.1,46,124.4,222.4,171.4,303.2,620.6,622,552.3,841.2,581.5,902.2,"5,664.8","2,082.5","1,008.5","7,923","4,176","3,863.1","3,854.9"
Sri Lanka,Measles,"per 1,000,000 total population",0.1,2.3,0,0,5.3,75,81.1,102,2.5,2.9,3.9,1,1.7,2.2,0,0.2,1.8,3.4,7.3,16.3,880.1,129.5,9.5,10.6,8.6,22.4,31.3,31.1,39.5,108.1,231.1,45.6,155.8,210.8,380,581,828.6,519.6,856.3,408,334.7
Sudan,Measles,"per 1,000,000 total population",9.1,83,119.1,16.3,44.3,92.2,17.8,75.9,235.5,158.9,19.7,2,3.9,10.1,7.2,44.4,316.5,148.7,157.8,155.9,105.4,125.7,21.1,13.8,103.3,34.9,41.3,30.3,784.3,"1,436.7",698.6,776,395.7,89.3,"1,528.1","3,927.3",143.5,174.2,"4,380.6","4,312.4","3,458.1"
Suriname,Measles,"per 1,000,000 total population",0,0,0,0,0,0,0,0,0,0,0,0,0,0,0,0,0,0,0,0,0,0,0,0,0,0,0,0,0,0,86.4,0,174.9,13.1,98.9,298.4,109.7,46.9,"1,792.6","1,988.1",706.5
Sweden,Measles,"per 1,000,000 total population",0.5,2,4.3,4.1,0.3,2.3,2.7,5.3,3.1,2.7,0.6,0.3,2.7,0.1,2.1,1.4,0.6,0.3,1,0.6,6.6,,,7,5,2.6,2.4,2.9,6.6,2.9,3.4,7.3,4.5,,20.6,39,120.3,555.2,747.1,425.2,214.8
Switzerland,Measles,"per 1,000,000 total population",4.3,,5.9,12.4,7.8,4.2,2.8,21.6,7.6,78.5,9.9,124.2,265.3,134.7,,8.1,5.3,79,,97.5,,112.4,282,905.4,284.2,200.1,201.8,436.7,633,401.9,299.1,409.3,"1,160.2","1,136.6",,,,,,,
Syrian Arab Republic,Measles,"per 1,000,000 total population",0.9,1.6,19.4,43.1,3.8,2.5,31.7,37.8,0.6,0.6,1.2,1,0.9,20.3,27.1,20.4,10.6,46,31.5,17.3,8.9,0.2,346.2,451.4,139.6,94.9,95.6,169.6,28.4,28,43,60.3,4.9,25.7,195.7,39.9,136.5,88.4,83.4,186.9,165.5
Tajikistan,Measles,"per 1,000,000 total population",,0.8,0,73.6,6,0.4,0,0.1,2,0.1,0,0,0,0.3,0.4,,0.6,327.8,144.2,6,30.9,28.9,509.3,653.7,7.2,9.7,93.5,902,443.3,229.8,"1,305.3",,,,,,,,,,
Thailand,Measles,"per 1,000,000 total population",,77.7,86.9,28.1,9.5,2.2,,38.8,76.6,46.7,38.4,90.8,117.1,58.8,54.5,53.9,64.1,70,161,115.2,64.7,50.8,223,248.5,95.7,186.9,656.6,306,136.5,466.7,517.1,266.5,657.5,781.7,368.9,618.1,923.9,691.9,562.2,502.8,354.5
Timor-Leste,Measles,"per 1,000,000 total population",1.5,17,0,0,1.6,35.9,40,3.5,14.1,685.4,45.7,9.3,0,0,88.5,204,42.2,99.2,0,,,,,,,,,,,,,,,,,,,,,,
Togo,Measles,"per 1,000,000 total population",11,8.5,4.8,6,2,2.7,80.8,81.1,35.1,28.4,18.7,68,30.7,1.4,4.5,6.8,11.2,55.3,69.8,362.1,726.6,531.3,814,100.3,51.3,"1,453.8","1,771.1",997,"1,763.6","2,571.6","1,205",951.2,"4,913.3","2,912.4","3,900.9","7,909.3","8,236.3","6,410","7,519.8","6,771.3","12,481.4"
Tokelau,Measles,"per 1,000,000 total population",,0,0,,,,,,,,,,,,,,,,,,,,,,,,,,,,,,,,,,,,,,
Tonga,Measles,"per 1,000,000 total population",,"6,306.6",0,0,0,,,0,0,0,0,0,0,0,0,0,0,0,0,40.6,0,61.5,371,"11,188.3",0,0,,0,104.8,189,683.7,263.6,0,0,"2,476.4","4,387.8",53.3,384.1,202.9,"2,001.9","25,126.1"
Trinidad and Tobago,Measles,"per 1,000,000 total population",,0,0,0,0,0,0,0,0,0,0,0,0,0,0,0,0,0,0,0,0,0,0,0.8,0,0,0,0,0,114.7,418.5,"1,789.2",322.2,369.2,"2,247.8","3,032.6","3,078.6","2,101.8","1,146.4","3,267.7",354
Tunisia,Measles,"per 1,000,000 total population",1.7,399.2,1.1,0.4,0.6,1.4,1.4,1.5,4.4,1,0.1,0.1,0.2,0.4,0.3,1.5,0.1,2.2,9.9,23.6,4.8,10.5,12.9,39.5,57.5,74.1,66.6,160.6,"1,378.2",148.3,66.4,142.3,36.5,74.4,497.5,650.2,347.7,211,271.2,459,35.3
Turkey,Measles,"per 1,000,000 total population",,34.8,8.7,1,0.1,4.4,7.3,97.5,4.7,1.5,0.1,0.1,0,0,0.5,91.3,133.2,88.4,120.1,475.3,256.9,262.2,442.2,377.6,457.2,231.6,412.3,605.2,441.7,410.7,210.9,363.7,178.3,42.9,45.2,299.1,637.4,669.5,190.7,590.1,196
Turkmenistan,Measles,"per 1,000,000 total population",,0,0,0,0,0,0,0,0,0,0,0,0,12.1,10,0,0.2,0.2,2.4,2,25,101.2,234.5,86.6,22.4,93.4,635,619.8,177.4,355.2,761.7,,,,,,,,,,
Turks and Caicos Islands,Measles,"per 1,000,000 total population",0,0,0,,,,,,,,,,,,,,,,,,,,,,,,,,,,,,,,,,,,,,
Tuvalu,Measles,"per 1,000,000 total population",,0,,,,,,,0,0,0,0,0,0,0,0,0,0,0,0,,0,,"1,500.9","5,473.9",107.6,0,0,109.8,0,,0,0,"33,486.6",0,0,246.6,0,"2,515.4",383.4,"66,701.6"
Uganda,Measles,"per 1,000,000 total population",6.9,20.8,61.5,24.8,3.5,12.5,8.5,220.7,58.7,98.9,40.5,51,43.3,128.1,200.8,0.8,5.3,"1,132.7","1,981.6","1,990.4","1,799.3","1,862","1,907.9",580.1,"1,245.6","2,089.8","2,516.7",,"1,967",,152,39.4,103,,,,"1,425.3","3,154",862.8,"1,452.6","1,078.2"
Ukraine,Measles,"per 1,000,000 total population",6,"1,302.1","1,202.8",107.5,2.3,2.3,,,280.4,29.2,0.9,,1,21.7,916.7,51,3.1,8.6,158.1,350.6,16.7,28.2,102.7,139.5,171.6,37.8,192.3,457,258.5,103.4,132.9,,,,,,,,,,
United Arab Emirates,Measles,"per 1,000,000 total population",5.1,19.1,17.9,12.8,23.8,37.5,37.3,,14.4,,10.2,,7.8,,,6.3,5.4,11.3,15.2,9.1,22,39.4,105.2,91,167.4,277.8,225.8,342.8,517.8,592.6,649.2,618.9,729.5,"1,899.5","1,492","1,756.7","1,351.7","1,713.5","1,451.7","2,571.6","2,742.5"
United Kingdom of Great Britain and Northern Ireland,Measles,"per 1,000,000 total population",1.4,16.2,18.1,5.5,8.4,1.4,2,29.5,32.4,17.4,7,19.3,23.3,16.6,12.6,1.3,3.2,7.7,5.3,1.2,1.8,,1.3,83.1,118.1,155.6,407.3,208.6,214.4,204.7,494.1,529.4,"1,553.5",791.6,"1,596.1","1,857.2","1,200.6","2,042.5","1,878.4","1,098.9","2,632.3"
United Republic of Tanzania,Measles,"per 1,000,000 total population",2.1,2.1,1.3,15.6,0.6,0.6,1.8,3.8,35.4,35.5,3.8,36.5,81.5,189.9,59.7,0.6,38,46,145.2,344.5,437.3,180.1,314,233.6,350.7,106.6,123.6,590.6,483.7,"1,043.4",592,288.1,615.4,"1,833.1","1,714.6","2,127.8","1,873.6","3,381.9","5,178","4,171.6","3,403.8"
United States of America,Measles,"per 1,000,000 total population",3.9,,1.1,0.4,0.3,0.6,2.1,0.6,0.2,0.7,0.2,0.2,0.5,0.1,0.2,0.2,0.1,0.2,0.1,0.4,0.3,0.4,0.4,0.5,1.8,1.2,3.7,1.2,8.7,37.9,110.2,72.9,13.7,14.9,25.9,11.7,10.9,6.3,7.3,13.5,58.9
Uruguay,Measles,"per 1,000,000 total population",0.6,2.6,0,0,0,0,0,0,0,0,0,0,0,0,0,0,0,0,0,0,0,10.3,1.8,0.6,0.6,1.6,0,5,59.3,651.4,35.4,6.5,24.8,390.2,65.3,53.1,117.6,6.1,45.7,"5,269.9",48.4
Uzbekistan,Measles,"per 1,000,000 total population",122.6,50.7,0.7,0,0,0.7,0.3,0,,16.4,4.1,0,0.1,31.7,30.7,27.9,2.9,3.3,1,0.9,3.2,48.9,36.4,11,9.8,12.9,74.4,107.7,94.5,185.7,193.3,,,,,,,,,,
Vanuatu,Measles,"per 1,000,000 total population",0,0,0,,,143.8,37.9,0,0,0,0,0,0,0,0,14.3,,829.3,520.8,37,48.7,66.2,,646,23.3,160.6,164.5,419.4,992.5,"3,589.5",457.1,"1,183.5","1,004.9","1,859.2","8,000.3","7,231.7","12,861.2","3,228.4","6,853.7",379.6,337.4
Venezuela (Bolivarian Republic of),Measles,"per 1,000,000 total population",0,19.2,196.2,24.7,0,0,0,0,0,0,0,0,0,1.2,2.9,0,0,0,95.3,4.7,0.9,0,0.2,1.2,4,7.8,715.5,963.2,581.2,760,503.3,530.1,659.9,"1,056.4",789.2,"1,268.7",701.1,685,886.5,"2,003.8",642.2
Viet Nam,Measles,"per 1,000,000 total population",8.7,146.8,23.6,2.4,0.5,2.8,163.9,12.4,6.4,8.4,31.9,75.6,4.1,0.2,23.4,4.9,2.6,27.9,82.8,149.3,206.6,178.8,149.6,84.4,67.8,82.4,160.9,166.2,166.9,142.2,120.2,335.6,357.9,478.2,"1,099","1,350.3","1,475.3","2,152.7","1,275.5","1,123.9","1,600.9"
Wallis and Futuna,Measles,"per 1,000,000 total population",,,0,,,,,,,,,,,,,,,,,,,,,,,,,,,,,,,,,,,,,,
Yemen,Measles,"per 1,000,000 total population",10,39.8,373.4,15.6,5.3,17.7,31.6,15.9,89,112.4,22,5.8,0.3,0.6,390.5,312.6,650.4,449.6,48.3,27.1,,"1,544",534,3.2,,15.1,2.4,44.1,186.8,6.1,,"2,384.5",971.4,"1,686.5","1,568.8","2,924.8","4,310.5","3,759.9","2,866.2","2,594.2","2,269"
Zambia,Measles,"per 1,000,000 total population",12.9,0.8,0.6,0.8,0.5,0.6,0.6,2.3,61.9,943.7,"1,157.9",2,10.9,42.8,37.7,3.8,3,78.3,"2,281.9","1,589.7","2,969.5","2,319.2",,743.9,"1,012.8",938,"1,607.1","1,366.5","1,302.3",342.2,839.6,734.9,"1,643.4","2,006.4","3,339.3","7,366.6","5,503.4","7,889.6","11,730.1","30,421","16,859.5"
Zimbabwe,Measles,"per 1,000,000 total population",0.2,0.3,0.1,0.1,0.1,0,0,0,0,0,763.6,68.1,0,19.7,17.4,34.8,2.6,83.3,25.4,44.4,124.8,65.3,174.4,"1,113.1","3,241.2",747.5,"3,355.2","3,071.5","1,591.3","2,255.4","1,315.9","4,678.9","5,057.5","1,855.2","2,216.1","2,510.8","2,529.9","4,391.8",620.9,650.8,"3,192.2"